refill_air,refillAirTank.csv
refill_ref,refGasRefillBothForAir.csv
air,changeoverMethodAirRefLeft.csv
refill_air,refillAirTank.csv
air,changeoverMethodAirRefRight.csv
refill_air,refillAirTank.csv
refill_ref,refGasRefillBothForAir.csv
air,changeoverMethodAirRefLeft.csv
refill_air,refillAirTank.csv
air,changeoverMethodAirRefRight.csv
refill_air,refillAirTank.csv
refill_ref,refGasRefillBothForAir.csv
air,changeoverMethodAirRefLeft.csv
refill_air,refillAirTank.csv
air,changeoverMethodAirRefRight.csv