refill_refgas,refGasRefillLeft.csv
refill_samgas,samGas_FirstFill_V23.csv
DH11,changeoverMethod.csv
refill_refgas,refGasRefillLeft.csv
refill_samgas,samGasRefillRight.csv
DH11,changeoverMethod.csv
refill_refgas,refGasRefillLeft.csv
refill_samgas,samGas_FirstFill_V24.csv
DH11,changeoverMethod.csv
refill_refgas,refGasRefillLeft.csv
refill_samgas,samGasRefillRight.csv
DH11,changeoverMethod.csv
refill_refgas,refGasRefillLeft.csv
refill_samgas,samGas_FirstFill_V25.csv
JLW-74,changeoverMethod.csv
refill_refgas,refGasRefillLeft.csv
refill_samgas,samGasRefillRight.csv
JLW-74,changeoverMethod.csv
refill_refgas,refGasRefillLeft.csv
refill_samgas,samGas_FirstFill_V26.csv
KO-13,changeoverMethod.csv
refill_refgas,refGasRefillLeft.csv
refill_samgas,samGasRefillRight.csv
KO-13,changeoverMethod.csv